Keep your eyes open for our special Back to School items and save A LOT!,Keep your eyes open for our special Back to School items and save A LOT!
 Item, Item
Items,Items
Checkout,Checkout
View Cart,View Cart
Menu,Menu
Contact us,Contact us
Free shipping over,Free shipping over
Featured Products,Featured Products
new,new
sale,sale
Wishlist,Wishlist
Compare,Compare
Bestseller Products,Bestseller Products
New Products,New Products
View all,View all
Find us on Facebook,Find us on Facebook
Latest Tweets,Latest Tweets
Zoom,Zoom
CustomTab,CustomTab
View Product Details,View Product Details
Sign up for our newsletter,Sign up for our newsletter
View map,View map
Hide map,Hide map
No Products,No Products
Previous Product,Previous Product
Next Product,Next Product
In stock,In stock
Out of stock,Out of stock
Shopping cart,Shopping cart
loading...,loading...
Continue shopping,Continue shopping
View cart & checkout,View cart & checkout
Le Santana,Le Santana
Enter email address,Enter email address
Click on above image to view full picture,Click on above image to view full picture
Product Image,Product Image
Product Name,Product Name
Qty,Qty
Price,Price
Total price,Total price
Total,Total
Shop Now,Shop Now
